{
  "tasks_file": "/project/PenaltyDebug5/tasks.npy",
  "output_dir": "/project/analysis/convergence",
  "seed": 1,
  "no_tasks_selected": 4,
  "selected_task_indices_in_tasks_npy": [
    7488,
    5075,
    9426,
    4691
  ],
  "transient_default": 1,
  "Tf": 0.05,
  "macro_dt": null,
  "nprocs": 12,
  "run_mesh": true,
  "run_tsteps": true,
  "run_ahratio": true,
  "mesh_list": [
    5,
    10,
    20,
    40,
    80,
    160
  ],
  "nsteps_list": [
    2,
    4,
    8,
    16,
    32,
    64
  ],
  "ratios": [
    0.0,
    0.10555555555555556,
    0.2111111111111111,
    0.31666666666666665,
    0.4222222222222222,
    0.5277777777777778,
    0.6333333333333333,
    0.7388888888888889,
    0.8444444444444444,
    0.95
  ],
  "nsteps_fixed_for_non_tsteps": 10,
  "outputs_saved": [
    "Qx_re",
    "Qy_re",
    "P_re",
    "dP",
    "dQx",
    "dQy",
    "dP_over_Pre",
    "dQx_over_Qxre",
    "dQy_over_Qyre"
  ]
}